{"cameraMode":{"drawMode":0,"name":"Shaded","section":"Shading Mode"},"sceneLighting":false,"audioPlay":false,"sceneViewState":{"showFog":true,"showMaterialUpdate":true,"showSkybox":true,"showFlares":true,"showImageEffects":true,"showParticleSystems":true},"in2DMode":false,"pivot":{"x":3.3483219146728517,"y":-8.388632774353028,"z":-5.995845317840576},"rotation":{"x":0.2643190026283264,"y":0.4122743308544159,"z":-0.12631554901599885,"w":0.8626810312271118},"size":104.16957092285156,"orthographic":false}